{
    "name": "root",
    "gauges": {
        "Crane.Policy.Entropy.mean": {
            "value": 1.4474841356277466,
            "min": 1.4195277690887451,
            "max": 1.448431134223938,
            "count": 200
        },
        "Crane.Environment.EpisodeLength.mean": {
            "value": 9.922319474835886,
            "min": 9.922319474835886,
            "max": 163.6984126984127,
            "count": 200
        },
        "Crane.Environment.LessonNumber.level_parameter.mean": {
            "value": 0.0,
            "min": 0.0,
            "max": 0.0,
            "count": 200
        },
        "Crane.Policy.ExtrinsicValueEstimate.mean": {
            "value": 0.9314409494400024,
            "min": -0.006569912191480398,
            "max": 0.9435420036315918,
            "count": 200
        },
        "Crane.Policy.CuriosityValueEstimate.mean": {
            "value": 0.06507040560245514,
            "min": -0.037986014038324356,
            "max": 0.06507040560245514,
            "count": 200
        },
        "Crane.Environment.CumulativeReward.mean": {
            "value": 0.9692982456140351,
            "min": -0.09090909090909091,
            "max": 0.9928825622775801,
            "count": 200
        },
        "Crane.Policy.ExtrinsicReward.mean": {
            "value": 0.9692982456140351,
            "min": -0.09090909090909091,
            "max": 0.9928825622775801,
            "count": 200
        },
        "Crane.Policy.CuriosityReward.mean": {
            "value": 0.009853615981435786,
            "min": 0.0016183567469138832,
            "max": 0.05204532113257852,
            "count": 200
        },
        "Crane.Losses.PolicyLoss.mean": {
            "value": 0.06596118470900668,
            "min": 0.054382474886369894,
            "max": 0.07597556662418962,
            "count": 200
        },
        "Crane.Losses.ValueLoss.mean": {
            "value": 0.005423975875419274,
            "min": 0.0007164482329244493,
            "max": 0.022875557486743976,
            "count": 200
        },
        "Crane.Policy.LearningRate.mean": {
            "value": 8.260597246799966e-07,
            "min": 8.260597246799966e-07,
            "max": 0.0002991095627968125,
            "count": 200
        },
        "Crane.Policy.Epsilon.mean": {
            "value": 0.10027532000000001,
            "min": 0.10027532000000001,
            "max": 0.19970318750000002,
            "count": 200
        },
        "Crane.Policy.Beta.mean": {
            "value": 3.75044679999999e-05,
            "min": 3.75044679999999e-05,
            "max": 0.009970348431249998,
            "count": 200
        },
        "Crane.Losses.CuriosityForwardLoss.mean": {
            "value": 0.04232490713669298,
            "min": 0.0037970038714168672,
            "max": 0.10071112819831504,
            "count": 200
        },
        "Crane.Losses.CuriosityInverseLoss.mean": {
            "value": 4.7046483814716336,
            "min": 4.196535412470499,
            "max": 5.210709708929062,
            "count": 200
        },
        "Crane.IsTraining.mean": {
            "value": 1.0,
            "min": 1.0,
            "max": 1.0,
            "count": 200
        }
    },
    "metadata": {
        "timer_format_version": "0.1.0",
        "start_time_seconds": "1617693070",
        "python_version": "3.6.12 |Anaconda, Inc.| (default, Sep  9 2020, 00:29:25) [MSC v.1916 64 bit (AMD64)]",
        "command_line_arguments": "C:\\Users\\Kenneth\\anaconda3\\envs\\echo-anaconda\\Scripts\\mlagents-learn conf.yaml --run-id=cur0",
        "mlagents_version": "0.23.0",
        "mlagents_envs_version": "0.23.0",
        "communication_protocol_version": "1.3.0",
        "pytorch_version": "1.7.0+cu110",
        "numpy_version": "1.19.2",
        "end_time_seconds": "1617697317"
    },
    "total": 4246.3253774,
    "count": 1,
    "self": 0.01110900000003312,
    "children": {
        "run_training.setup": {
            "total": 0.007977399999999999,
            "count": 1,
            "self": 0.007977399999999999
        },
        "TrainerController.start_learning": {
            "total": 4246.306291000001,
            "count": 1,
            "self": 63.056827200013686,
            "children": {
                "TrainerController._reset_env": {
                    "total": 9.7809979,
                    "count": 1,
                    "self": 9.7809979
                },
                "TrainerController.advance": {
                    "total": 4173.391855299987,
                    "count": 131997,
                    "self": 3.411692600016977,
                    "children": {
                        "env_step": {
                            "total": 4169.98016269997,
                            "count": 131997,
                            "self": 3940.9788291998943,
                            "children": {
                                "SubprocessEnvManager._take_step": {
                                    "total": 227.4238092000188,
                                    "count": 131997,
                                    "self": 5.849213899981692,
                                    "children": {
                                        "TorchPolicy.evaluate": {
                                            "total": 221.57459530003712,
                                            "count": 80011,
                                            "self": 108.26099470000995,
                                            "children": {
                                                "TorchPolicy.sample_actions": {
                                                    "total": 113.31360060002717,
                                                    "count": 80011,
                                                    "self": 113.31360060002717
                                                }
                                            }
                                        }
                                    }
                                },
                                "workers": {
                                    "total": 1.5775243000563588,
                                    "count": 131997,
                                    "self": 0.0,
                                    "children": {
                                        "worker_root": {
                                            "total": 4236.662979199938,
                                            "count": 131997,
                                            "is_parallel": true,
                                            "self": 964.5008045998616,
                                            "children": {
                                                "steps_from_proto": {
                                                    "total": 0.0029425999999999996,
                                                    "count": 1,
                                                    "is_parallel": true,
                                                    "self": 8.919999999999978e-05,
                                                    "children": {
                                                        "_process_vector_observation": {
                                                            "total": 0.0028534,
                                                            "count": 2,
                                                            "is_parallel": true,
                                                            "self": 0.0028534
                                                        }
                                                    }
                                                },
                                                "UnityEnvironment.step": {
                                                    "total": 3272.159232000076,
                                                    "count": 131997,
                                                    "is_parallel": true,