{"count":1,"self":9722.08128,"total":46526.9051242,"children":{"InitializeActuators":{"count":1,"self":0.0010008,"total":0.0010008,"children":null},"InitializeSensors":{"count":1,"self":0.0010008999999999999,"total":0.0010008999999999999,"children":null},"AgentSendState":{"count":13082535,"self":54.8114752,"total":274.4449212,"children":{"CollectObservations":{"count":13082535,"self":40.535488,"total":40.535488199999996,"children":null},"WriteActionMask":{"count":13082535,"self":9.7833984,"total":9.783398,"children":null},"RequestDecision":{"count":13082535,"self":37.3452416,"total":169.3145616,"children":{"AgentInfo.ToProto":{"count":13082535,"self":27.902755199999998,"total":131.96931849999999,"children":{"GenerateSensorData":{"count":13082535,"self":104.06656,"total":104.0665626,"children":null}}}}}}},"DecideAction":{"count":13082535,"self":36475.725414399996,"total":36475.724096,"children":null},"AgentAct":{"count":13082535,"self":54.555808,"total":54.647909899999995,"children":{"AgentInfo.ToProto":{"count":8550,"self":0.0240253,"total":0.092104999999999992,"children":{"GenerateSensorData":{"count":8550,"self":0.068079699999999993,"total":0.068079699999999993,"children":null}}}}},"AgentInfo.ToProto":{"count":365,"self":0.0015003999999999998,"total":0.0045008999999999995,"children":{"GenerateSensorData":{"count":365,"self":0.0030004999999999997,"total":0.0030004999999999997,"children":null}}}},"gauges":{"Crane.CumulativeReward":{"count":8915,"max":3.1489265,"min":-1.62524736,"runningAverage":2.040542,"value":2.022256,"weightedAverage":1.86247945}},"metadata":{"timer_format_version":"0.1.0","start_time_seconds":"1625673527","unity_version":"2020.3.7f1","command_line_arguments":"C:\\Program Files\\Unity\\Hub\\Editor\\2020.3.7f1\\Editor\\Unity.exe -projectpath C:\/Users\/kenne\/Documents\/GitHub\/Echo -useHub -hubIPC -cloudEnvironment production -hubSessionId 49cdaf50-de18-11eb-a8e9-377b8636d6ea -accessToken D4rLySW8t9D8O0m73QunZiZ7YvyiDC2mhQ7WbS2rbZs008f","communication_protocol_version":"1.5.0","com.unity.ml-agents_version":"1.9.1-preview","scene_name":"Crane Training 1","end_time_seconds":"1625720054"}}