{"count":1,"self":366.1910016,"total":968.3030314,"children":{"InitializeActuators":{"count":1,"self":0.0010011,"total":0.0010011,"children":null},"InitializeSensors":{"count":1,"self":0.0010008999999999999,"total":0.0010008999999999999,"children":null},"AgentSendState":{"count":1250034,"self":2.1895472,"total":4.7021584,"children":{"CollectObservations":{"count":250007,"self":0.33708119999999997,"total":0.33708119999999997,"children":null},"WriteActionMask":{"count":250007,"self":0.1696348,"total":0.1696348,"children":null},"RequestDecision":{"count":250007,"self":0.670074,"total":2.0058952,"children":{"AgentInfo.ToProto":{"count":250007,"self":0.5269199,"total":1.3358212,"children":{"GenerateSensorData":{"count":250007,"self":0.80890129999999993,"total":0.80890129999999993,"children":null}}}}}}},"DecideAction":{"count":1250034,"self":593.8496,"total":593.84962439999993,"children":null},"AgentAct":{"count":1250034,"self":3.5147163999999997,"total":3.5577533999999997,"children":{"AgentInfo.ToProto":{"count":7209,"self":0.019011899999999998,"total":0.043036899999999996,"children":{"GenerateSensorData":{"count":7209,"self":0.024024999999999998,"total":0.024024999999999998,"children":null}}}}}},"gauges":{"Gridblock.CumulativeReward":{"count":7209,"max":2,"min":0,"runningAverage":0.9705942,"value":1,"weightedAverage":1.0000596}},"metadata":{"timer_format_version":"0.1.0","start_time_seconds":"1626278006","unity_version":"2020.3.7f1","command_line_arguments":"C:\\Program Files\\Unity\\Hub\\Editor\\2020.3.7f1\\Editor\\Unity.exe -projectpath C:\/Users\/kenne\/Documents\/GitHub\/Echo -useHub -hubIPC -cloudEnvironment production -hubSessionId b3c49600-e46f-11eb-9150-33b6bbeb5556 -accessToken BiPs4fypTCz5GetgCE_3PVlAhlYvgX28UJUEQWyF96o008f","communication_protocol_version":"1.5.0","com.unity.ml-agents_version":"1.9.1-preview","scene_name":"GridBlock","end_time_seconds":"1626278974"}}