{"count":1,"self":41.887203199999995,"total":128.843243,"children":{"InitializeActuators":{"count":1,"self":0.0020017,"total":0.0020017,"children":null},"InitializeSensors":{"count":1,"self":0.0020014,"total":0.0020014,"children":null},"AgentSendState":{"count":183717,"self":1.9298768,"total":2.6943384999999997,"children":{"CollectObservations":{"count":36744,"self":0.0210206,"total":0.0210206,"children":null},"WriteActionMask":{"count":36744,"self":0.027016099999999998,"total":0.027016099999999998,"children":null},"RequestDecision":{"count":36744,"self":0.0993623,"total":0.71642509999999993,"children":{"AgentInfo.ToProto":{"count":36744,"self":0.095255899999999991,"total":0.6170628,"children":{"GenerateSensorData":{"count":36744,"self":0.4401345,"total":0.5218069,"children":{"RayPerceptionSensor.Perceive":{"count":36744,"self":0.081672399999999992,"total":0.081672399999999992,"children":null}}}}}}}}},"DecideAction":{"count":183717,"self":83.8845632,"total":83.884562899999992,"children":null},"AgentAct":{"count":183717,"self":0.3691335,"total":0.3721346,"children":{"AgentInfo.ToProto":{"count":91,"self":0,"total":0.0030011,"children":{"GenerateSensorData":{"count":91,"self":0.0020006,"total":0.0030011,"children":{"RayPerceptionSensor.Perceive":{"count":91,"self":0.0010004999999999999,"total":0.0010004999999999999,"children":null}}}}}}}},"gauges":{"Basic.CumulativeReward":{"count":91,"max":-0.200499192,"min":-0.200499192,"runningAverage":-0.200499192,"value":-0.200499192,"weightedAverage":-0.200499192}},"metadata":{"timer_format_version":"0.1.0","start_time_seconds":"1631864979","unity_version":"2020.3.18f1","command_line_arguments":"C:\\Program Files\\Unity\\2020.3.18f1\\Editor\\Unity.exe -projectpath C:\/Users\/Kenneth\/Documents\/GitHub\/Echo -useHub -hubIPC -cloudEnvironment production -licensingIpc LicenseClient-Kenneth -hubSessionId a99b8d10-177c-11ec-8c90-3b249526dd29 -accessToken FkYsJnyPeOeTiO8Z8VuyP-nhYuzZyVeGRmeM3OcwydM008f","communication_protocol_version":"1.5.0","com.unity.ml-agents_version":"2.1.0-exp.1","scene_name":"Basic","end_time_seconds":"1631865108"}}