{"count":1,"self":6.9095271999999994,"total":7.2908646999999993,"children":{"InitializeActuators":{"count":1,"self":0.0010008999999999999,"total":0.0010008999999999999,"children":null},"InitializeSensors":{"count":1,"self":0.0010008999999999999,"total":0.0010008999999999999,"children":null},"AgentSendState":{"count":1492,"self":0.0070053,"total":0.2006893,"children":{"CollectObservations":{"count":1492,"self":0.0010008999999999999,"total":0.0010008999999999999,"children":null},"WriteActionMask":{"count":1492,"self":0.0015011999999999998,"total":0.0015011999999999998,"children":null},"RequestDecision":{"count":1492,"self":0.1911819,"total":0.1911819,"children":null}}},"DecideAction":{"count":1492,"self":0.17564439999999998,"total":0.17564439999999998,"children":null},"AgentAct":{"count":1492,"self":0.0025017999999999998,"total":0.0025017999999999998,"children":null}},"gauges":{},"metadata":{"timer_format_version":"0.1.0","start_time_seconds":"1626084147","unity_version":"2020.3.7f1","command_line_arguments":"C:\\Program Files\\Unity\\Hub\\Editor\\2020.3.7f1\\Editor\\Unity.exe -projectpath C:\/Users\/kenne\/Documents\/GitHub\/Echo -useHub -hubIPC -cloudEnvironment production -hubSessionId 2bb45ac0-e2da-11eb-8bba-1f3347c920b5 -accessToken QaYC_I0BO0MdcPYriWkeAmPiQWoE5ygrUzYmcH5-78g008f","communication_protocol_version":"1.5.0","com.unity.ml-agents_version":"1.9.1-preview","scene_name":"Crane","end_time_seconds":"1626084155"}}