{"count":1,"self":8062.4533503999992,"total":9642.2247178,"children":{"InitializeActuators":{"count":18,"self":0.0020011,"total":0.0020011,"children":null},"InitializeSensors":{"count":18,"self":0.0010004999999999999,"total":0.0010004999999999999,"children":null},"AgentSendState":{"count":1010584,"self":10.7348352,"total":50.585411699999995,"children":{"CollectObservations":{"count":3638106,"self":8.1005664,"total":8.1005666,"children":null},"WriteActionMask":{"count":3638106,"self":1.9841583999999999,"total":1.9841585,"children":null},"RequestDecision":{"count":3638106,"self":6.3223096,"total":29.765851299999998,"children":{"AgentInfo.ToProto":{"count":3638106,"self":5.8485064,"total":23.4435418,"children":{"GenerateSensorData":{"count":3638106,"self":17.595035199999998,"total":17.5950354,"children":null}}}}}}},"DecideAction":{"count":1010584,"self":1512.3086336,"total":1512.3086078,"children":null},"AgentAct":{"count":1010584,"self":16.7800864,"total":16.8372028,"children":{"AgentInfo.ToProto":{"count":3821,"self":0.0166905,"total":0.0571167,"children":{"GenerateSensorData":{"count":3821,"self":0.040426199999999995,"total":0.040426199999999995,"children":null}}}}},"AgentInfo.ToProto":{"count":1980,"self":0.011001499999999999,"total":0.0359988,"children":{"GenerateSensorData":{"count":1980,"self":0.0249973,"total":0.0249973,"children":null}}}},"gauges":{"Crane.CumulativeReward":{"count":5801,"max":2.4,"min":-1,"runningAverage":-0.101568252,"value":-1,"weightedAverage":-0.9981525}},"metadata":{"timer_format_version":"0.1.0","start_time_seconds":"1618924293","unity_version":"2020.3.4f1","command_line_arguments":"C:\\Program Files\\Unity\\Hub\\Editor\\2020.3.4f1\\Editor\\Unity.exe -projectpath C:\/Users\/Kenneth\/Documents\/AI\/Echo -useHub -hubIPC -cloudEnvironment production -hubSessionId 9f013b40-a191-11eb-82b0-e50a97ec7d0c -accessToken EuqQIcZgiV9LIP29Oht0OKKLJQCVDfo4ISA0IvmOcbA008f","communication_protocol_version":"1.5.0","com.unity.ml-agents_version":"1.9.0-preview","scene_name":"Crane v1","end_time_seconds":"1618933935"}}