{"count":1,"self":1873.0817536,"total":2286.764061,"children":{"InitializeActuators":{"count":18,"self":0.0009999,"total":0.0009999,"children":null},"InitializeSensors":{"count":18,"self":0.0010014,"total":0.0010014,"children":null},"AgentSendState":{"count":215867,"self":2.3658259999999998,"total":11.0699995,"children":{"CollectObservations":{"count":777132,"self":1.695458,"total":1.695458,"children":null},"WriteActionMask":{"count":777132,"self":0.41604349999999996,"total":0.41604349999999996,"children":null},"RequestDecision":{"count":777132,"self":1.3942537,"total":6.5926721,"children":{"AgentInfo.ToProto":{"count":777132,"self":1.3665785,"total":5.1984183999999996,"children":{"GenerateSensorData":{"count":777132,"self":3.8318399999999997,"total":3.8318399,"children":null}}}}}}},"DecideAction":{"count":215867,"self":386.6695936,"total":386.6695938,"children":null},"AgentAct":{"count":215867,"self":15.92972,"total":15.9407228,"children":{"AgentInfo.ToProto":{"count":1313,"self":0.0030017999999999998,"total":0.0110031,"children":{"GenerateSensorData":{"count":1313,"self":0.0080013,"total":0.0080013,"children":null}}}}}},"gauges":{"Crane.CumulativeReward":{"count":1313,"max":1.29800391,"min":0.0301999636,"runningAverage":0.5923526,"value":0.152601436,"weightedAverage":0.402367175}},"metadata":{"timer_format_version":"0.1.0","start_time_seconds":"1618638173","unity_version":"2020.3.4f1","command_line_arguments":"C:\\Program Files\\Unity\\Hub\\Editor\\2020.3.4f1\\Editor\\Unity.exe -projectpath C:\/Users\/Kenneth\/Documents\/AI\/Echo -useHub -hubIPC -cloudEnvironment production -hubSessionId fa273660-9e9d-11eb-b387-b94e7271e37d -accessToken K_kVfzN2Qi12jI8NQmJmj1gT8TX2N8QPRh0aP1J-SAQ008f","communication_protocol_version":"1.5.0","com.unity.ml-agents_version":"1.9.0-preview","scene_name":"Crane v1","end_time_seconds":"1618640460"}}