{"count":1,"self":13903.4853376,"total":37562.1353649,"children":{"InitializeActuators":{"count":1,"self":0.0015013,"total":0.0015013,"children":null},"InitializeSensors":{"count":1,"self":0.0020024,"total":0.0020024,"children":null},"AgentSendState":{"count":20049718,"self":39.562396799999995,"total":150.29582109999998,"children":{"CollectObservations":{"count":5012430,"self":10.871030399999999,"total":10.8710308,"children":null},"WriteActionMask":{"count":5012430,"self":2.9967886,"total":2.9967886,"children":null},"RequestDecision":{"count":5012430,"self":12.2424296,"total":96.8656053,"children":{"AgentInfo.ToProto":{"count":5012430,"self":13.260812,"total":84.623175899999993,"children":{"GenerateSensorData":{"count":5012430,"self":71.3623616,"total":71.362364,"children":null}}}}}}},"DecideAction":{"count":20049718,"self":23377.6545792,"total":23377.655344299998,"children":null},"AgentAct":{"count":20049718,"self":130.67105279999998,"total":130.6870667,"children":{"AgentInfo.ToProto":{"count":935,"self":0.0015003999999999998,"total":0.016014,"children":{"GenerateSensorData":{"count":935,"self":0.0145136,"total":0.0145136,"children":null}}}}},"AgentInfo.ToProto":{"count":344,"self":0.001001,"total":0.0065068999999999995,"children":{"GenerateSensorData":{"count":344,"self":0.0055058999999999993,"total":0.0055058999999999993,"children":null}}}},"gauges":{"Crane.CumulativeReward":{"count":1279,"max":0.679834545,"min":-0.521533549,"runningAverage":0.157564774,"value":-0.00158419879,"weightedAverage":0.2213636}},"metadata":{"timer_format_version":"0.1.0","start_time_seconds":"1629712921","unity_version":"2020.3.7f1","command_line_arguments":"C:\\Program Files\\Unity\\Hub\\Editor\\2020.3.7f1\\Editor\\Unity.exe -projectpath C:\/Users\/kenne\/Documents\/GitHub\/Echo -useHub -hubIPC -cloudEnvironment production -hubSessionId 0993a520-00be-11ec-960e-4d7f666dd771","communication_protocol_version":"1.5.0","com.unity.ml-agents_version":"2.1.0-exp.1","scene_name":"Crane","end_time_seconds":"1629750483"}}