{"count":1,"self":3267.0121983999998,"total":4202.6944887,"children":{"InitializeActuators":{"count":25,"self":0.0010008999999999999,"total":0.0010008999999999999,"children":null},"InitializeSensors":{"count":25,"self":0.0010008999999999999,"total":0.0010008999999999999,"children":null},"AgentSendState":{"count":275367,"self":2.9546516,"total":18.3953682,"children":{"CollectObservations":{"count":1376850,"self":4.2497251999999994,"total":4.2497251,"children":null},"WriteActionMask":{"count":1376850,"self":0.5468157,"total":0.5468157,"children":null},"RequestDecision":{"count":1376850,"self":1.8052203999999998,"total":10.644175899999999,"children":{"AgentInfo.ToProto":{"count":1376850,"self":1.6874479999999998,"total":8.8389554,"children":{"GenerateSensorData":{"count":1376850,"self":7.1515071999999993,"total":7.1515074999999992,"children":null}}}}}}},"DecideAction":{"count":275367,"self":914.2590464,"total":914.2590634,"children":null},"AgentAct":{"count":275367,"self":2.9889129999999997,"total":3.0249015,"children":{"AgentInfo.ToProto":{"count":2333,"self":0.0090066,"total":0.0359885,"children":{"GenerateSensorData":{"count":2333,"self":0.0269819,"total":0.0269819,"children":null}}}}}},"gauges":{"Crane.CumulativeReward":{"count":2333,"max":0.506999969,"min":0,"runningAverage":0.2576819,"value":0,"weightedAverage":0.352638125}},"metadata":{"timer_format_version":"0.1.0","start_time_seconds":"1624862970","unity_version":"2020.3.7f1","command_line_arguments":"C:\\Program Files\\Unity\\Hub\\Editor\\2020.3.7f1\\Editor\\Unity.exe -projectpath C:\/Users\/kenne\/Documents\/GitHub\/Echo -useHub -hubIPC -cloudEnvironment production -hubSessionId 05c0e110-d7d3-11eb-8c33-5954b64903df -accessToken Ide1K4lOxfUIk20Ua1Kktx9N2mFZLjLjZqOyyO6A9Zc008f","communication_protocol_version":"1.5.0","com.unity.ml-agents_version":"1.9.0-preview","scene_name":"Crane Training","end_time_seconds":"1624867173"}}