{"count":1,"self":11455.2979456,"total":13623.575895,"children":{"InitializeActuators":{"count":6,"self":0.0066999999999999994,"total":0.0066999999999999994,"children":null},"InitializeSensors":{"count":6,"self":0.005076,"total":0.005076,"children":null},"AgentSendState":{"count":1967701,"self":16.1003136,"total":449.743453,"children":{"CollectObservations":{"count":2361246,"self":7.1656543999999993,"total":7.165654,"children":null},"WriteActionMask":{"count":2361246,"self":2.360849,"total":2.360849,"children":null},"RequestDecision":{"count":2361246,"self":7.807124,"total":424.11663699999997,"children":{"AgentInfo.ToProto":{"count":2361246,"self":8.1113471999999991,"total":416.309513,"children":{"GenerateSensorData":{"count":2361246,"self":408.19816959999997,"total":408.19816599999996,"children":null}}}}}}},"DecideAction":{"count":1967701,"self":1631.8257151999999,"total":1631.825729,"children":null},"AgentAct":{"count":1967701,"self":81.443129599999992,"total":86.687502,"children":{"AgentInfo.ToProto":{"count":16666,"self":0.091055,"total":5.244371,"children":{"GenerateSensorData":{"count":16666,"self":5.1533159999999993,"total":5.1533159999999993,"children":null}}}}}},"gauges":{"Crane.CumulativeReward":{"count":16666,"max":1.1380012,"min":-5.475754,"runningAverage":0.5742409,"value":0.319598436,"weightedAverage":0.378946483}},"metadata":{"timer_format_version":"0.1.0","start_time_seconds":"1618589725","unity_version":"2020.3.4f1","command_line_arguments":"\/Applications\/Unity\/Hub\/Editor\/2020.3.4f1\/Unity.app\/Contents\/MacOS\/Unity -projectpath \/Users\/kalera\/Documents\/GitHub\/Echo -useHub -hubIPC -cloudEnvironment production -hubSessionId 0483d910-9bce-11eb-9fea-259755fc8226 -accessToken Kj7lHAdebMr-v-W3paFL0Pb3Yy5rtSVouA-YKVYNhf0008f","communication_protocol_version":"1.5.0","com.unity.ml-agents_version":"1.9.0-preview","scene_name":"Crane v1","end_time_seconds":"1618603348"}}