{"count":1,"self":1336.6393856,"total":1540.9934449999998,"children":{"InitializeActuators":{"count":6,"self":0.0046549999999999994,"total":0.0046549999999999994,"children":null},"InitializeSensors":{"count":6,"self":0.0039429999999999995,"total":0.0039429999999999995,"children":null},"AgentSendState":{"count":232817,"self":1.6358139999999999,"total":6.607596,"children":{"CollectObservations":{"count":279384,"self":0.79050199999999993,"total":0.79050199999999993,"children":null},"WriteActionMask":{"count":279384,"self":0.25435399999999997,"total":0.25435399999999997,"children":null},"RequestDecision":{"count":279384,"self":0.854641,"total":3.926926,"children":{"AgentInfo.ToProto":{"count":279384,"self":0.742027,"total":3.072285,"children":{"GenerateSensorData":{"count":279384,"self":2.3302579999999997,"total":2.3302579999999997,"children":null}}}}}}},"DecideAction":{"count":232817,"self":189.08248319999998,"total":189.082483,"children":null},"AgentAct":{"count":232817,"self":8.6331392,"total":8.648067,"children":{"AgentInfo.ToProto":{"count":823,"self":0.0036349999999999998,"total":0.014927999999999999,"children":{"GenerateSensorData":{"count":823,"self":0.011293,"total":0.011293,"children":null}}}}}},"gauges":{"Crane.CumulativeReward":{"count":823,"max":2.4139967,"min":0.04910124,"runningAverage":1.0505836,"value":1.132717,"weightedAverage":1.16959214}},"metadata":{"timer_format_version":"0.1.0","start_time_seconds":"1618746788","unity_version":"2020.3.4f1","command_line_arguments":"\/Applications\/Unity\/Hub\/Editor\/2020.3.4f1\/Unity.app\/Contents\/MacOS\/Unity -projectpath \/Users\/kalera\/Documents\/GitHub\/Echo -useHub -hubIPC -cloudEnvironment production -hubSessionId a6af4b50-a017-11eb-9452-edffdc473704 -accessToken QIVJ3PJDTXbN1jvlrzshQ5UkirLws8oLiBbn-qDjm2I008f","communication_protocol_version":"1.5.0","com.unity.ml-agents_version":"1.9.0-preview","scene_name":"Crane v1","end_time_seconds":"1618748329"}}