{"count":1,"self":131.47599359999998,"total":131.6080747,"children":{"InitializeActuators":{"count":1,"self":0.0015015999999999999,"total":0.0015015999999999999,"children":null},"InitializeSensors":{"count":1,"self":0.0015014,"total":0.0015014,"children":null},"AgentSendState":{"count":6361,"self":0.07003369999999999,"total":0.0790346,"children":{"CollectObservations":{"count":1591,"self":0.0025015,"total":0.0025015,"children":null},"WriteActionMask":{"count":1591,"self":0.0009998,"total":0.0009998,"children":null},"RequestDecision":{"count":1591,"self":0.0054995999999999995,"total":0.0054995999999999995,"children":null}}},"DecideAction":{"count":6361,"self":0.025022899999999997,"total":0.025022899999999997,"children":null},"AgentAct":{"count":6361,"self":0.024019099999999998,"total":0.024019099999999998,"children":null}},"gauges":{"Crane.CumulativeReward":{"count":10,"max":0.9368995,"min":0.9364995,"runningAverage":0.936779559,"value":0.9368995,"weightedAverage":0.936804831}},"metadata":{"timer_format_version":"0.1.0","start_time_seconds":"1644652376","unity_version":"2021.2.7f1","command_line_arguments":"C:\\Program Files\\Unity\\Hub\\Editor\\2021.2.7f1\\Editor\\Unity.exe -projectpath C:\\Users\\Kalera\\Documents\\GitHub\\Echo -useHub -hubIPC -cloudEnvironment production -licensingIpc LicenseClient-Kalera -hubSessionId 44a51bd0-8a2f-11ec-a81b-e948eb115c0a -accessToken r2LVVoQWX5b-0y6UznGSyXR-ntKZq_pXapsT-WUo1Es008f","communication_protocol_version":"1.5.0","com.unity.ml-agents_version":"2.0.1","scene_name":"CraneScene","end_time_seconds":"1644652507"}}