{"count":1,"self":3982.70464,"total":4040.0919437999996,"children":{"InitializeActuators":{"count":1,"self":0.0010006,"total":0.0010006,"children":null},"InitializeSensors":{"count":1,"self":0.0010012999999999999,"total":0.0010012999999999999,"children":null},"AgentSendState":{"count":4991253,"self":31.375027199999998,"total":36.6565077,"children":{"CollectObservations":{"count":998251,"self":2.8196752,"total":2.8196752999999997,"children":null},"WriteActionMask":{"count":998251,"self":0.6247847,"total":0.6247847,"children":null},"RequestDecision":{"count":998251,"self":1.8370216,"total":1.8370214999999999,"children":null}}},"DecideAction":{"count":4991253,"self":10.4020656,"total":10.402065499999999,"children":null},"AgentAct":{"count":4991253,"self":10.3258528,"total":10.3258525,"children":null}},"gauges":{"Crane.CumulativeReward":{"count":1751,"max":2.24684858,"min":-0.803403556,"runningAverage":1.78634465,"value":1.5746572,"weightedAverage":1.82944715}},"metadata":{"timer_format_version":"0.1.0","start_time_seconds":"1624526882","unity_version":"2020.3.7f1","command_line_arguments":"C:\\Program Files\\Unity\\Hub\\Editor\\2020.3.7f1\\Editor\\Unity.exe -projectpath C:\/Users\/kenne\/Documents\/GitHub\/Echo -useHub -hubIPC -cloudEnvironment production -hubSessionId f4f58c20-d4c9-11eb-b8aa-79726aa65a92 -accessToken DAiFPVShxB4TA7YGvb5oXh9hME5YvbgKedla8nX8m4w008f","communication_protocol_version":"1.5.0","com.unity.ml-agents_version":"1.9.0-preview","scene_name":"Crane v1","end_time_seconds":"1624530922"}}