{"count":1,"self":3153.4069759999998,"total":4149.8291396999994,"children":{"InitializeActuators":{"count":25,"self":0.0009993,"total":0.0009993,"children":null},"InitializeSensors":{"count":25,"self":0.0010017,"total":0.0010017,"children":null},"AgentSendState":{"count":480117,"self":9.1492536,"total":47.519079999999995,"children":{"CollectObservations":{"count":3000750,"self":11.4831752,"total":11.483175099999999,"children":null},"WriteActionMask":{"count":3000750,"self":1.6311366999999999,"total":1.6311366999999999,"children":null},"RequestDecision":{"count":3000750,"self":5.7810596,"total":25.255514899999998,"children":{"AgentInfo.ToProto":{"count":3000750,"self":5.233784,"total":19.474455199999998,"children":{"GenerateSensorData":{"count":3000750,"self":14.240670399999999,"total":14.240670999999999,"children":null}}}}}}},"DecideAction":{"count":480117,"self":941.0981888,"total":941.0982019999999,"children":null},"AgentAct":{"count":480117,"self":7.4117343999999994,"total":7.4227399999999992,"children":{"AgentInfo.ToProto":{"count":695,"self":0.007004,"total":0.011005899999999999,"children":{"GenerateSensorData":{"count":695,"self":0.0040019,"total":0.0040019,"children":null}}}}},"AgentInfo.ToProto":{"count":21623,"self":0.1420354,"total":0.379154,"children":{"GenerateSensorData":{"count":21623,"self":0.23711859999999998,"total":0.23711859999999998,"children":null}}}},"gauges":{"Crane.CumulativeReward":{"count":22318,"max":1.99953938,"min":-2.025054,"runningAverage":0.458269566,"value":0.998599946,"weightedAverage":0.638978958}},"metadata":{"timer_format_version":"0.1.0","start_time_seconds":"1617815260","unity_version":"2020.3.2f1","command_line_arguments":"C:\\Program Files\\Unity\\Hub\\Editor\\2020.3.2f1\\Editor\\Unity.exe -projectpath C:\/Users\/Kenneth\/Documents\/AI\/Echo -useHub -hubIPC -cloudEnvironment production -hubSessionId 86662ee0-977a-11eb-9b07-eb787a8b085b -accessToken li8_5Z30vhXd2FEFVN2iZH7__XF2k969SzG42E9qhwU008f","communication_protocol_version":"1.5.0","com.unity.ml-agents_version":"1.9.0-preview","scene_name":"V1","end_time_seconds":"1617819410"}}