{"count":1,"self":9173.01248,"total":13269.0604924,"children":{"InitializeActuators":{"count":25,"self":0.0019993999999999997,"total":0.0019993999999999997,"children":null},"InitializeSensors":{"count":25,"self":0.0009999,"total":0.0009999,"children":null},"AgentSendState":{"count":1574284,"self":28.2535104,"total":128.6437628,"children":{"CollectObservations":{"count":9839275,"self":21.113096,"total":21.113096499999997,"children":null},"WriteActionMask":{"count":9839275,"self":4.9933819999999995,"total":4.9933821,"children":null},"RequestDecision":{"count":9839275,"self":16.5712288,"total":74.2837753,"children":{"AgentInfo.ToProto":{"count":9839275,"self":14.7706368,"total":57.712547099999995,"children":{"GenerateSensorData":{"count":9839275,"self":42.9419104,"total":42.9419101,"children":null}}}}}}},"DecideAction":{"count":1574284,"self":3731.7054464,"total":3731.7056457999997,"children":null},"AgentAct":{"count":1574284,"self":233.91429119999998,"total":233.95528919999998,"children":{"AgentInfo.ToProto":{"count":1964,"self":0.010001,"total":0.041008499999999996,"children":{"GenerateSensorData":{"count":1964,"self":0.031007499999999997,"total":0.031007499999999997,"children":null}}}}},"AgentInfo.ToProto":{"count":105612,"self":0.5311636,"total":1.7393153,"children":{"GenerateSensorData":{"count":105612,"self":1.2081517,"total":1.2081517,"children":null}}}},"gauges":{"Crane.CumulativeReward":{"count":107576,"max":-4E-05,"min":-2.02491379,"runningAverage":-0.0389670767,"value":-0.000540000037,"weightedAverage":-0.00108360359}},"metadata":{"timer_format_version":"0.1.0","start_time_seconds":"1617897314","unity_version":"2020.3.2f1","command_line_arguments":"C:\\Program Files\\Unity\\Hub\\Editor\\2020.3.2f1\\Editor\\Unity.exe -projectpath C:\/Users\/Kenneth\/Documents\/AI\/Echo -useHub -hubIPC -cloudEnvironment production -hubSessionId a26281e0-9881-11eb-8360-094c9e63400b -accessToken hga3CC7eI2IGyQl_TrXXLsf_XJMgPVuN6MPa5pqflMA008f","communication_protocol_version":"1.5.0","com.unity.ml-agents_version":"1.9.0-preview","scene_name":"V1","end_time_seconds":"1617910583"}}